Task ID,Status,Category
2,success,Background Textures
0,fail,Background Textures
1,fail,Background Textures
3,fail,Background Textures
4,success,Background Textures
6,fail,Background Textures
5,fail,Background Textures
7,fail,Background Textures
8,success,Background Textures
10,fail,Background Textures
9,fail,Background Textures
15,success,Background Textures
12,success,Background Textures
14,success,Background Textures
13,success,Background Textures
19,fail,Background Textures
18,success,Background Textures
16,fail,Background Textures
17,fail,Background Textures
22,fail,Background Textures
21,success,Background Textures
27,fail,Background Textures
20,fail,Background Textures
26,fail,Background Textures
31,fail,Background Textures
29,fail,Background Textures
24,fail,Background Textures
30,fail,Background Textures
35,fail,Background Textures
33,fail,Background Textures
28,fail,Background Textures
34,fail,Background Textures
37,fail,Background Textures
39,fail,Background Textures
32,fail,Background Textures
38,fail,Background Textures
41,success,Background Textures
43,success,Background Textures
36,success,Background Textures
42,fail,Background Textures
45,fail,Background Textures
40,success,Background Textures
47,fail,Background Textures
46,fail,Background Textures
51,success,Background Textures
44,fail,Background Textures
49,fail,Background Textures
50,fail,Background Textures
55,fail,Background Textures
48,fail,Background Textures
53,fail,Background Textures
54,fail,Background Textures
59,fail,Background Textures
52,success,Background Textures
57,fail,Background Textures
56,success,Background Textures
58,fail,Background Textures
63,fail,Background Textures
61,fail,Background Textures
60,success,Background Textures
65,success,Background Textures
67,fail,Background Textures
62,fail,Background Textures
64,fail,Background Textures
69,fail,Background Textures
66,success,Background Textures
71,fail,Background Textures
68,fail,Background Textures
73,success,Background Textures
70,fail,Background Textures
75,success,Background Textures
72,success,Background Textures
77,success,Background Textures
79,success,Background Textures
74,success,Background Textures
76,success,Background Textures
81,success,Background Textures
83,success,Background Textures
78,success,Background Textures
80,success,Background Textures
85,success,Background Textures
87,success,Background Textures
82,success,Background Textures
84,success,Background Textures
89,success,Background Textures
86,success,Background Textures
91,success,Background Textures
88,success,Background Textures
93,success,Background Textures
90,success,Background Textures
95,success,Background Textures
92,success,Background Textures
97,success,Background Textures
94,success,Background Textures
99,success,Background Textures
96,success,Background Textures
103,success,Background Textures
101,success,Background Textures
98,success,Background Textures
107,success,Background Textures
105,success,Background Textures
102,success,Background Textures
100,success,Background Textures
111,success,Background Textures
109,success,Background Textures
106,success,Background Textures
104,success,Background Textures
108,success,Background Textures
110,success,Background Textures
113,success,Background Textures
115,success,Background Textures
117,success,Background Textures
114,success,Background Textures
119,success,Background Textures
112,success,Background Textures
118,success,Background Textures
121,success,Background Textures
123,success,Background Textures
116,success,Background Textures
125,success,Background Textures
127,success,Background Textures
120,success,Background Textures
122,success,Background Textures
129,success,Background Textures
124,success,Background Textures
131,success,Background Textures
126,success,Background Textures
133,success,Background Textures
128,success,Background Textures
135,success,Background Textures
137,success,Background Textures
130,success,Background Textures
132,success,Background Textures
139,fail,Background Textures
134,success,Background Textures
136,success,Background Textures
141,fail,Background Textures
143,fail,Background Textures
138,fail,Background Textures
140,fail,Background Textures
145,fail,Background Textures
147,fail,Background Textures
142,fail,Background Textures
144,fail,Background Textures
149,fail,Background Textures
151,success,Background Textures
153,success,Background Textures
146,fail,Background Textures
148,fail,Background Textures
155,success,Background Textures
157,success,Background Textures
152,success,Background Textures
159,success,Background Textures
161,success,Background Textures
150,fail,Background Textures
156,success,Background Textures
163,success,Background Textures
165,success,Background Textures
154,success,Background Textures
160,success,Background Textures
167,success,Background Textures
169,success,Background Textures
158,success,Background Textures
171,success,Background Textures
164,success,Background Textures
173,success,Background Textures
162,success,Background Textures
168,success,Background Textures
175,success,Background Textures
177,success,Background Textures
166,success,Background Textures
179,success,Background Textures
172,success,Background Textures
181,success,Background Textures
170,success,Background Textures
176,success,Background Textures
183,fail,Background Textures
174,success,Background Textures
180,success,Background Textures
185,fail,Background Textures
187,success,Background Textures
178,success,Background Textures
184,success,Background Textures
182,success,Background Textures
189,fail,Background Textures
191,fail,Background Textures
188,success,Background Textures
186,fail,Background Textures
193,success,Background Textures
195,fail,Background Textures
192,success,Background Textures
197,success,Background Textures
194,success,Background Textures
200,success,Background Textures
199,fail,Background Textures
205,fail,Background Textures
202,fail,Background Textures
203,fail,Background Textures
208,fail,Background Textures
209,success,Background Textures
207,success,Background Textures
210,fail,Background Textures
212,fail,Background Textures
211,success,Background Textures
213,fail,Background Textures
214,success,Background Textures
216,fail,Background Textures
219,fail,Background Textures
217,fail,Background Textures
218,fail,Background Textures
220,success,Background Textures
223,fail,Background Textures
221,fail,Background Textures
222,fail,Background Textures
224,success,Background Textures
227,fail,Background Textures
228,fail,Background Textures
225,fail,Background Textures
226,fail,Background Textures
231,success,Background Textures
232,success,Background Textures
229,success,Background Textures
235,success,Background Textures
230,success,Background Textures
233,success,Background Textures
236,fail,Background Textures
239,success,Background Textures
234,success,Background Textures
237,success,Background Textures
243,success,Background Textures
240,success,Background Textures
241,success,Background Textures
238,success,Background Textures
247,success,Background Textures
244,success,Background Textures
245,success,Background Textures
242,success,Background Textures
251,success,Background Textures
248,fail,Background Textures
255,success,Background Textures
249,fail,Background Textures
246,fail,Background Textures
252,success,Background Textures
259,success,Background Textures
253,success,Background Textures
250,success,Background Textures
256,success,Background Textures
263,success,Background Textures
257,success,Background Textures
254,success,Background Textures
260,success,Background Textures
267,success,Background Textures
261,success,Background Textures
258,success,Background Textures
264,success,Background Textures
265,success,Background Textures
275,success,Background Textures
262,success,Background Textures
268,success,Background Textures
269,success,Background Textures
279,success,Background Textures
266,success,Background Textures
272,success,Background Textures
273,success,Background Textures
270,success,Background Textures
276,success,Background Textures
283,fail,Robot Initial States
274,success,Background Textures
280,success,Background Textures
281,fail,Robot Initial States
284,success,Robot Initial States
287,fail,Robot Initial States
285,success,Robot Initial States
282,fail,Robot Initial States
288,fail,Robot Initial States
291,success,Robot Initial States
289,success,Robot Initial States
286,fail,Robot Initial States
292,fail,Robot Initial States
293,success,Robot Initial States
295,fail,Robot Initial States
290,fail,Robot Initial States
299,success,Robot Initial States
296,fail,Robot Initial States
297,fail,Robot Initial States
300,success,Robot Initial States
294,fail,Robot Initial States
303,fail,Robot Initial States
305,fail,Robot Initial States
304,fail,Robot Initial States
298,fail,Robot Initial States
307,fail,Robot Initial States
309,fail,Robot Initial States
302,fail,Robot Initial States
308,fail,Robot Initial States
311,fail,Robot Initial States
313,fail,Robot Initial States
312,fail,Robot Initial States
306,fail,Robot Initial States
315,fail,Robot Initial States
317,fail,Robot Initial States
316,fail,Robot Initial States
319,fail,Robot Initial States
310,fail,Robot Initial States
321,fail,Robot Initial States
324,success,Robot Initial States
325,success,Robot Initial States
314,fail,Robot Initial States
328,success,Robot Initial States
323,fail,Robot Initial States
329,success,Robot Initial States
332,success,Robot Initial States
327,success,Robot Initial States
318,fail,Robot Initial States
336,success,Robot Initial States
333,success,Robot Initial States
331,success,Robot Initial States
340,success,Robot Initial States
337,success,Robot Initial States
335,success,Robot Initial States
322,fail,Robot Initial States
341,success,Robot Initial States
344,success,Robot Initial States
339,success,Robot Initial States
326,success,Robot Initial States
345,success,Robot Initial States
330,success,Robot Initial States
348,fail,Robot Initial States
343,fail,Robot Initial States
349,fail,Robot Initial States
334,success,Robot Initial States
352,success,Robot Initial States
347,success,Robot Initial States
338,success,Robot Initial States
356,success,Robot Initial States
351,success,Robot Initial States
353,fail,Robot Initial States
360,success,Robot Initial States
355,success,Robot Initial States
342,fail,Robot Initial States
364,success,Robot Initial States
357,fail,Robot Initial States
359,success,Robot Initial States
346,fail,Robot Initial States
361,success,Robot Initial States
368,fail,Robot Initial States
363,fail,Robot Initial States
350,success,Robot Initial States
365,fail,Robot Initial States
372,fail,Robot Initial States
367,success,Robot Initial States
354,success,Robot Initial States
376,success,Robot Initial States
358,success,Robot Initial States
369,fail,Robot Initial States
380,success,Robot Initial States
371,fail,Robot Initial States
362,success,Robot Initial States
373,fail,Robot Initial States
384,fail,Robot Initial States
375,fail,Robot Initial States
366,fail,Robot Initial States
377,fail,Robot Initial States
388,success,Robot Initial States
379,fail,Robot Initial States
392,success,Robot Initial States
370,fail,Robot Initial States
381,fail,Robot Initial States
383,success,Robot Initial States
396,success,Robot Initial States
374,fail,Robot Initial States
400,success,Robot Initial States
387,fail,Robot Initial States
385,fail,Robot Initial States
378,fail,Robot Initial States
404,fail,Robot Initial States
391,fail,Robot Initial States
389,fail,Robot Initial States
382,fail,Robot Initial States
408,fail,Robot Initial States
393,fail,Robot Initial States
395,fail,Robot Initial States
386,fail,Robot Initial States
412,fail,Robot Initial States
399,fail,Robot Initial States
397,fail,Robot Initial States
390,fail,Robot Initial States
416,fail,Robot Initial States
403,success,Robot Initial States
401,fail,Robot Initial States
394,fail,Robot Initial States
420,fail,Robot Initial States
407,success,Robot Initial States
405,fail,Robot Initial States
398,success,Robot Initial States
411,fail,Robot Initial States
409,success,Robot Initial States
424,fail,Robot Initial States
402,fail,Robot Initial States
413,success,Robot Initial States
415,fail,Robot Initial States
428,fail,Robot Initial States
406,fail,Robot Initial States
432,success,Robot Initial States
419,fail,Robot Initial States
417,fail,Robot Initial States
410,fail,Robot Initial States
421,success,Robot Initial States
423,fail,Robot Initial States
436,fail,Robot Initial States
414,fail,Robot Initial States
425,fail,Robot Initial States
427,fail,Robot Initial States
440,fail,Robot Initial States
418,fail,Robot Initial States
429,fail,Robot Initial States
431,fail,Robot Initial States
444,fail,Robot Initial States
422,fail,Robot Initial States
448,success,Robot Initial States
433,fail,Robot Initial States
435,success,Robot Initial States
452,success,Robot Initial States
426,success,Robot Initial States
439,fail,Robot Initial States
437,fail,Robot Initial States
456,success,Robot Initial States
430,fail,Robot Initial States
460,success,Robot Initial States
441,fail,Robot Initial States
443,fail,Robot Initial States
434,fail,Robot Initial States
464,success,Robot Initial States
445,fail,Robot Initial States
447,fail,Robot Initial States
468,success,Robot Initial States
438,fail,Robot Initial States
451,success,Robot Initial States
472,success,Robot Initial States
449,fail,Robot Initial States
455,success,Robot Initial States
442,fail,Robot Initial States
453,success,Robot Initial States
476,success,Robot Initial States
459,success,Robot Initial States
457,success,Robot Initial States
446,fail,Robot Initial States
463,success,Robot Initial States
480,fail,Robot Initial States
450,success,Robot Initial States
461,success,Robot Initial States
467,fail,Robot Initial States
484,fail,Robot Initial States
454,success,Robot Initial States
465,success,Robot Initial States
488,success,Robot Initial States
471,fail,Robot Initial States
458,fail,Robot Initial States
492,success,Robot Initial States
469,fail,Robot Initial States
475,success,Robot Initial States
462,success,Robot Initial States
473,success,Robot Initial States
496,success,Robot Initial States
479,success,Robot Initial States
477,success,Robot Initial States
466,fail,Robot Initial States
500,fail,Robot Initial States
483,fail,Robot Initial States
470,success,Robot Initial States
481,success,Robot Initial States
504,success,Robot Initial States
474,success,Robot Initial States
485,success,Robot Initial States
487,fail,Robot Initial States
508,fail,Robot Initial States
491,success,Robot Initial States
489,fail,Robot Initial States
478,fail,Robot Initial States
512,fail,Robot Initial States
495,success,Robot Initial States
493,success,Robot Initial States
482,success,Robot Initial States
516,success,Robot Initial States
499,fail,Robot Initial States
497,fail,Robot Initial States
486,success,Robot Initial States
520,success,Robot Initial States
501,success,Robot Initial States
490,success,Robot Initial States
503,success,Robot Initial States
524,success,Robot Initial States
505,success,Robot Initial States
494,success,Robot Initial States
507,fail,Robot Initial States
528,fail,Robot Initial States
509,success,Robot Initial States
498,success,Robot Initial States
532,success,Robot Initial States
511,fail,Robot Initial States
513,fail,Robot Initial States
502,fail,Robot Initial States
536,success,Robot Initial States
515,success,Robot Initial States
506,fail,Robot Initial States
517,fail,Robot Initial States
540,fail,Robot Initial States
519,fail,Robot Initial States
510,success,Robot Initial States
523,fail,Robot Initial States
544,fail,Robot Initial States
521,fail,Robot Initial States
548,success,Robot Initial States
514,fail,Robot Initial States
527,fail,Robot Initial States
525,fail,Robot Initial States
552,success,Robot Initial States
518,fail,Robot Initial States
531,success,Robot Initial States
529,success,Robot Initial States
556,success,Robot Initial States
535,success,Robot Initial States
522,fail,Robot Initial States
533,fail,Robot Initial States
539,success,Robot Initial States
560,fail,Robot Initial States
537,success,Robot Initial States
526,fail,Robot Initial States
543,fail,Robot Initial States
541,success,Robot Initial States
564,success,Robot Initial States
530,success,Robot Initial States
547,success,Robot Initial States
545,success,Robot Initial States
568,success,Robot Initial States
534,success,Robot Initial States
551,success,Robot Initial States
549,success,Robot Initial States
538,success,Robot Initial States
572,fail,Robot Initial States
555,success,Robot Initial States
542,success,Robot Initial States
553,fail,Robot Initial States
559,success,Robot Initial States
546,success,Robot Initial States
576,fail,Robot Initial States
557,success,Robot Initial States
550,success,Robot Initial States
584,success,Robot Initial States
563,fail,Robot Initial States
561,success,Robot Initial States
554,success,Robot Initial States
588,success,Robot Initial States
565,success,Robot Initial States
558,success,Robot Initial States
567,fail,Robot Initial States
571,success,Robot Initial States
581,success,Robot Initial States
624,success,Robot Initial States
590,fail,Robot Initial States
593,fail,Robot Initial States
628,success,Robot Initial States
659,fail,Robot Initial States
594,success,Robot Initial States
632,success,Robot Initial States
598,success,Robot Initial States
601,fail,Robot Initial States
636,success,Robot Initial States
663,success,Robot Initial States
602,success,Robot Initial States
605,success,Robot Initial States
606,success,Robot Initial States
640,success,Robot Initial States
609,success,Robot Initial States
667,fail,Robot Initial States
644,success,Robot Initial States
610,fail,Robot Initial States
613,fail,Robot Initial States
614,success,Robot Initial States
671,fail,Robot Initial States
617,success,Robot Initial States
648,fail,Robot Initial States
618,success,Robot Initial States
621,success,Robot Initial States
652,success,Robot Initial States
675,fail,Robot Initial States
622,success,Robot Initial States
625,success,Robot Initial States
656,success,Robot Initial States
626,success,Robot Initial States
679,fail,Robot Initial States
629,success,Robot Initial States
630,success,Robot Initial States
633,success,Robot Initial States
660,fail,Robot Initial States
683,fail,Robot Initial States
664,success,Robot Initial States
634,fail,Robot Initial States
637,fail,Robot Initial States
691,success,Camera Viewpoints
638,success,Robot Initial States
641,success,Robot Initial States
668,fail,Robot Initial States
642,success,Robot Initial States
645,success,Robot Initial States
695,fail,Camera Viewpoints
649,success,Robot Initial States
672,fail,Robot Initial States
646,fail,Robot Initial States
653,success,Robot Initial States
699,fail,Camera Viewpoints
676,fail,Robot Initial States
650,success,Robot Initial States
657,fail,Robot Initial States
703,fail,Camera Viewpoints
654,success,Robot Initial States
680,fail,Robot Initial States
707,success,Camera Viewpoints
661,fail,Robot Initial States
658,fail,Robot Initial States
684,fail,Robot Initial States
711,success,Camera Viewpoints
665,success,Robot Initial States
662,success,Robot Initial States
715,success,Camera Viewpoints
669,success,Robot Initial States
688,fail,Robot Initial States
719,success,Camera Viewpoints
666,fail,Robot Initial States
723,success,Camera Viewpoints
692,success,Camera Viewpoints
727,success,Camera Viewpoints
681,fail,Robot Initial States
696,success,Camera Viewpoints
678,success,Robot Initial States
731,success,Camera Viewpoints
700,success,Camera Viewpoints
735,success,Camera Viewpoints
690,success,Camera Viewpoints
685,fail,Robot Initial States
739,success,Camera Viewpoints
704,success,Camera Viewpoints
689,success,Robot Initial States
694,fail,Camera Viewpoints
708,success,Camera Viewpoints
743,fail,Camera Viewpoints
693,success,Camera Viewpoints
712,success,Camera Viewpoints
747,success,Camera Viewpoints
702,success,Camera Viewpoints
716,success,Camera Viewpoints
697,success,Camera Viewpoints
751,success,Camera Viewpoints
706,success,Camera Viewpoints
720,success,Camera Viewpoints
755,success,Camera Viewpoints
701,fail,Camera Viewpoints
724,success,Camera Viewpoints
710,success,Camera Viewpoints
759,success,Camera Viewpoints
728,success,Camera Viewpoints
714,success,Camera Viewpoints
705,success,Camera Viewpoints
763,success,Camera Viewpoints
732,success,Camera Viewpoints
718,success,Camera Viewpoints
767,success,Camera Viewpoints
713,success,Camera Viewpoints
736,success,Camera Viewpoints
771,success,Camera Viewpoints
722,success,Camera Viewpoints
717,success,Camera Viewpoints
740,success,Camera Viewpoints
775,success,Camera Viewpoints
726,success,Camera Viewpoints
721,success,Camera Viewpoints
744,success,Camera Viewpoints
779,success,Camera Viewpoints
748,success,Camera Viewpoints
725,success,Camera Viewpoints
730,success,Camera Viewpoints
752,success,Camera Viewpoints
783,fail,Camera Viewpoints
734,success,Camera Viewpoints
729,success,Camera Viewpoints
756,success,Camera Viewpoints
738,success,Camera Viewpoints
787,fail,Camera Viewpoints
733,success,Camera Viewpoints
742,success,Camera Viewpoints
737,success,Camera Viewpoints
791,success,Camera Viewpoints
741,success,Camera Viewpoints
760,fail,Camera Viewpoints
746,fail,Camera Viewpoints
795,success,Camera Viewpoints
745,success,Camera Viewpoints
750,success,Camera Viewpoints
764,success,Camera Viewpoints
754,success,Camera Viewpoints
799,success,Camera Viewpoints
768,fail,Camera Viewpoints
758,success,Camera Viewpoints
749,fail,Camera Viewpoints
803,success,Camera Viewpoints
772,success,Camera Viewpoints
762,fail,Camera Viewpoints
753,fail,Camera Viewpoints
807,fail,Camera Viewpoints
757,success,Camera Viewpoints
766,success,Camera Viewpoints
776,fail,Camera Viewpoints
761,success,Camera Viewpoints
811,success,Camera Viewpoints
770,success,Camera Viewpoints
780,fail,Camera Viewpoints
815,fail,Camera Viewpoints
774,success,Camera Viewpoints
765,fail,Camera Viewpoints
819,success,Camera Viewpoints
784,fail,Camera Viewpoints
769,success,Camera Viewpoints
778,success,Camera Viewpoints
773,success,Camera Viewpoints
823,fail,Camera Viewpoints
788,fail,Camera Viewpoints
782,fail,Camera Viewpoints
792,success,Camera Viewpoints
827,fail,Camera Viewpoints
831,success,Camera Viewpoints
777,fail,Camera Viewpoints
796,success,Camera Viewpoints
786,fail,Camera Viewpoints
835,success,Camera Viewpoints
781,success,Camera Viewpoints
800,success,Camera Viewpoints
839,success,Camera Viewpoints
790,fail,Camera Viewpoints
785,fail,Camera Viewpoints
804,fail,Camera Viewpoints
843,fail,Camera Viewpoints
789,success,Camera Viewpoints
794,fail,Camera Viewpoints
808,fail,Camera Viewpoints
847,success,Camera Viewpoints
798,success,Camera Viewpoints
793,fail,Camera Viewpoints
851,success,Camera Viewpoints
812,fail,Camera Viewpoints
855,success,Camera Viewpoints
802,fail,Camera Viewpoints
797,success,Camera Viewpoints
859,success,Camera Viewpoints
816,fail,Camera Viewpoints
806,fail,Camera Viewpoints
801,fail,Camera Viewpoints
863,success,Camera Viewpoints
820,fail,Camera Viewpoints
867,success,Camera Viewpoints
805,fail,Camera Viewpoints
810,fail,Camera Viewpoints
871,success,Camera Viewpoints
824,fail,Camera Viewpoints
809,success,Camera Viewpoints
875,success,Camera Viewpoints
814,fail,Camera Viewpoints
828,fail,Camera Viewpoints
813,fail,Camera Viewpoints
879,fail,Camera Viewpoints
832,success,Camera Viewpoints
818,fail,Camera Viewpoints
836,success,Camera Viewpoints
883,fail,Camera Viewpoints
817,fail,Camera Viewpoints
840,success,Camera Viewpoints
822,fail,Camera Viewpoints
887,fail,Camera Viewpoints
821,fail,Camera Viewpoints
844,fail,Camera Viewpoints
826,fail,Camera Viewpoints
891,fail,Camera Viewpoints
825,fail,Camera Viewpoints
848,success,Camera Viewpoints
852,success,Camera Viewpoints
830,fail,Camera Viewpoints
895,fail,Camera Viewpoints
829,fail,Camera Viewpoints
834,success,Camera Viewpoints
856,success,Camera Viewpoints
833,success,Camera Viewpoints
899,fail,Camera Viewpoints
838,success,Camera Viewpoints
837,success,Camera Viewpoints
860,success,Camera Viewpoints
842,success,Camera Viewpoints
841,success,Camera Viewpoints
903,fail,Camera Viewpoints
846,success,Camera Viewpoints
864,success,Camera Viewpoints
845,fail,Camera Viewpoints
850,success,Camera Viewpoints
907,fail,Camera Viewpoints
868,success,Camera Viewpoints
849,success,Camera Viewpoints
854,success,Camera Viewpoints
911,fail,Camera Viewpoints
853,success,Camera Viewpoints
872,fail,Camera Viewpoints
857,success,Camera Viewpoints
858,fail,Camera Viewpoints
915,fail,Camera Viewpoints
876,fail,Camera Viewpoints
861,success,Camera Viewpoints
880,success,Camera Viewpoints
919,fail,Camera Viewpoints
865,success,Camera Viewpoints
862,fail,Camera Viewpoints
869,success,Camera Viewpoints
884,fail,Camera Viewpoints
866,success,Camera Viewpoints
923,fail,Camera Viewpoints
870,success,Camera Viewpoints
888,fail,Camera Viewpoints
873,fail,Camera Viewpoints
927,fail,Camera Viewpoints
874,success,Camera Viewpoints
877,success,Camera Viewpoints
892,fail,Camera Viewpoints
931,fail,Camera Viewpoints
878,success,Camera Viewpoints
881,fail,Camera Viewpoints
935,success,Camera Viewpoints
896,fail,Camera Viewpoints
882,fail,Camera Viewpoints
939,success,Camera Viewpoints
885,fail,Camera Viewpoints
900,fail,Camera Viewpoints
943,success,Camera Viewpoints
886,fail,Camera Viewpoints
947,success,Camera Viewpoints
889,fail,Camera Viewpoints
904,fail,Camera Viewpoints
890,fail,Camera Viewpoints
951,success,Camera Viewpoints
893,success,Camera Viewpoints
908,fail,Camera Viewpoints
894,fail,Camera Viewpoints
955,fail,Camera Viewpoints
897,fail,Camera Viewpoints
959,success,Camera Viewpoints
912,fail,Camera Viewpoints
898,fail,Camera Viewpoints
901,fail,Camera Viewpoints
963,fail,Camera Viewpoints
916,fail,Camera Viewpoints
902,fail,Camera Viewpoints
905,fail,Camera Viewpoints
967,fail,Camera Viewpoints
920,fail,Camera Viewpoints
906,fail,Camera Viewpoints
909,fail,Camera Viewpoints
971,fail,Camera Viewpoints
924,fail,Camera Viewpoints
910,fail,Camera Viewpoints
913,fail,Camera Viewpoints
975,success,Camera Viewpoints
983,success,Camera Viewpoints
928,fail,Camera Viewpoints
914,fail,Camera Viewpoints
917,fail,Camera Viewpoints
932,success,Camera Viewpoints
987,success,Camera Viewpoints
918,fail,Camera Viewpoints
991,success,Camera Viewpoints
921,fail,Camera Viewpoints
936,fail,Camera Viewpoints
995,success,Camera Viewpoints
940,success,Camera Viewpoints
922,fail,Camera Viewpoints
925,fail,Camera Viewpoints
999,success,Camera Viewpoints
944,success,Camera Viewpoints
1003,success,Camera Viewpoints
926,fail,Camera Viewpoints
929,fail,Camera Viewpoints
948,success,Camera Viewpoints
930,success,Camera Viewpoints
1007,fail,Camera Viewpoints
933,success,Camera Viewpoints
937,success,Camera Viewpoints
952,fail,Camera Viewpoints
934,success,Camera Viewpoints
941,success,Camera Viewpoints
1011,fail,Camera Viewpoints
956,success,Camera Viewpoints
938,success,Camera Viewpoints
945,success,Camera Viewpoints
1015,success,Camera Viewpoints
960,success,Camera Viewpoints
942,success,Camera Viewpoints
949,success,Camera Viewpoints
1019,success,Camera Viewpoints
964,success,Camera Viewpoints
946,success,Camera Viewpoints
1023,success,Camera Viewpoints
968,success,Camera Viewpoints
953,fail,Camera Viewpoints
1027,success,Camera Viewpoints
972,success,Camera Viewpoints
1031,success,Camera Viewpoints
950,fail,Camera Viewpoints
1035,success,Camera Viewpoints
976,success,Camera Viewpoints
957,fail,Camera Viewpoints
954,success,Camera Viewpoints
1039,success,Camera Viewpoints
980,success,Camera Viewpoints
958,success,Camera Viewpoints
1043,success,Camera Viewpoints
984,success,Camera Viewpoints
961,fail,Camera Viewpoints
962,success,Camera Viewpoints
988,success,Camera Viewpoints
1047,success,Camera Viewpoints
966,success,Camera Viewpoints
1051,success,Camera Viewpoints
965,fail,Camera Viewpoints
992,success,Camera Viewpoints
970,success,Camera Viewpoints
1055,success,Camera Viewpoints
969,success,Camera Viewpoints
973,success,Camera Viewpoints
996,success,Camera Viewpoints
974,fail,Camera Viewpoints
1059,fail,Camera Viewpoints
977,success,Camera Viewpoints
981,success,Camera Viewpoints
1000,fail,Camera Viewpoints
978,fail,Camera Viewpoints
1071,success,Camera Viewpoints
985,success,Camera Viewpoints
1004,success,Camera Viewpoints
989,success,Camera Viewpoints
986,success,Camera Viewpoints
1083,success,Camera Viewpoints
993,success,Camera Viewpoints
1008,fail,Camera Viewpoints
990,success,Camera Viewpoints
1087,success,Camera Viewpoints
1012,success,Camera Viewpoints
994,success,Camera Viewpoints
997,fail,Camera Viewpoints
1091,success,Camera Viewpoints
1001,success,Camera Viewpoints
998,fail,Camera Viewpoints
1005,success,Camera Viewpoints
1020,success,Camera Viewpoints
1095,success,Camera Viewpoints
1002,success,Camera Viewpoints
1024,success,Camera Viewpoints
1009,fail,Camera Viewpoints
1006,success,Camera Viewpoints
1028,success,Camera Viewpoints
1099,fail,Language Instructions
1032,success,Camera Viewpoints
1010,success,Camera Viewpoints
1036,success,Camera Viewpoints
1103,success,Language Instructions
1013,success,Camera Viewpoints
1014,success,Camera Viewpoints
1040,success,Camera Viewpoints
1017,success,Camera Viewpoints
1044,success,Camera Viewpoints
1021,success,Camera Viewpoints
1107,fail,Language Instructions
1018,fail,Camera Viewpoints
1025,success,Camera Viewpoints
1048,success,Camera Viewpoints
1029,success,Camera Viewpoints
1111,success,Language Instructions
1052,success,Camera Viewpoints
1022,success,Camera Viewpoints
1033,success,Camera Viewpoints
1026,success,Camera Viewpoints
1037,success,Camera Viewpoints
1115,fail,Language Instructions
1056,fail,Camera Viewpoints
1030,success,Camera Viewpoints
1041,success,Camera Viewpoints
1034,success,Camera Viewpoints
1060,success,Camera Viewpoints
1045,success,Camera Viewpoints
1119,fail,Language Instructions
1038,success,Camera Viewpoints
1049,success,Camera Viewpoints
1064,fail,Camera Viewpoints
1053,success,Camera Viewpoints
1042,fail,Camera Viewpoints
1123,fail,Language Instructions
1046,success,Camera Viewpoints
1068,fail,Camera Viewpoints
1050,success,Camera Viewpoints
1057,fail,Camera Viewpoints
1127,fail,Language Instructions
1054,success,Camera Viewpoints
1072,success,Camera Viewpoints
1131,fail,Language Instructions
1065,fail,Camera Viewpoints
1058,success,Camera Viewpoints
1084,success,Camera Viewpoints
1135,success,Language Instructions
1069,success,Camera Viewpoints
1062,fail,Camera Viewpoints
1088,success,Camera Viewpoints
1073,success,Camera Viewpoints
1066,success,Camera Viewpoints
1139,fail,Language Instructions
1092,success,Camera Viewpoints
1077,success,Camera Viewpoints
1074,success,Camera Viewpoints
1143,fail,Language Instructions
1096,success,Camera Viewpoints
1081,success,Camera Viewpoints
1078,success,Camera Viewpoints
1147,success,Language Instructions
1100,success,Language Instructions
1151,success,Language Instructions
1085,success,Camera Viewpoints
1104,success,Language Instructions
1155,success,Language Instructions
1082,fail,Camera Viewpoints
1159,success,Language Instructions
1086,success,Camera Viewpoints
1108,fail,Language Instructions
1093,fail,Camera Viewpoints
1163,success,Language Instructions
1090,success,Camera Viewpoints
1167,success,Language Instructions
1097,success,Camera Viewpoints
1112,fail,Language Instructions
1094,success,Camera Viewpoints
1171,fail,Language Instructions
1101,fail,Language Instructions
1120,success,Language Instructions
1102,success,Language Instructions
1175,success,Language Instructions
1124,success,Language Instructions
1179,success,Language Instructions
1110,success,Language Instructions
1105,fail,Language Instructions
1183,success,Language Instructions
1128,fail,Language Instructions
1187,success,Language Instructions
1114,fail,Language Instructions
1113,success,Language Instructions
1132,success,Language Instructions
1191,success,Language Instructions
1118,success,Language Instructions
1195,success,Language Instructions
1144,success,Language Instructions
1117,fail,Language Instructions
1122,fail,Language Instructions
1148,success,Language Instructions
1199,fail,Language Instructions
1152,success,Language Instructions
1121,fail,Language Instructions
1126,fail,Language Instructions
1156,success,Language Instructions
1203,success,Language Instructions
1160,success,Language Instructions
1125,fail,Language Instructions
1164,success,Language Instructions
1134,fail,Language Instructions
1207,fail,Language Instructions
1168,success,Language Instructions
1129,fail,Language Instructions
1211,success,Language Instructions
1138,fail,Language Instructions
1172,fail,Language Instructions
1133,fail,Language Instructions
1176,success,Language Instructions
1215,fail,Language Instructions
1146,success,Language Instructions
1180,success,Language Instructions
1150,success,Language Instructions
1137,fail,Language Instructions
1219,success,Language Instructions
1184,success,Language Instructions
1154,success,Language Instructions
1141,fail,Language Instructions
1188,success,Language Instructions
1223,success,Language Instructions
1158,success,Language Instructions
1145,success,Language Instructions
1192,success,Language Instructions
1162,success,Language Instructions
1227,success,Language Instructions
1149,success,Language Instructions
1196,success,Language Instructions
1166,success,Language Instructions
1153,success,Language Instructions
1200,success,Language Instructions
1231,fail,Language Instructions
1157,success,Language Instructions
1170,fail,Language Instructions
1204,fail,Language Instructions
1161,success,Language Instructions
1235,fail,Language Instructions
1174,fail,Language Instructions
1165,fail,Language Instructions
1208,fail,Language Instructions
1239,success,Language Instructions
1169,success,Language Instructions
1178,fail,Language Instructions
1212,fail,Language Instructions
1243,fail,Language Instructions
1182,success,Language Instructions
1173,fail,Language Instructions
1216,fail,Language Instructions
1247,success,Language Instructions
1186,fail,Language Instructions
1190,success,Language Instructions
1177,fail,Language Instructions
1251,success,Language Instructions
1220,fail,Language Instructions
1255,success,Language Instructions
1194,fail,Language Instructions
1181,fail,Language Instructions
1224,fail,Language Instructions
1198,success,Language Instructions
1259,success,Language Instructions
1185,success,Language Instructions
1202,success,Language Instructions
1228,fail,Language Instructions
1263,fail,Language Instructions
1189,fail,Language Instructions
1267,success,Language Instructions
1206,success,Language Instructions
1193,success,Language Instructions
1232,fail,Language Instructions
1271,success,Language Instructions
1210,success,Language Instructions
1275,success,Language Instructions
1197,fail,Language Instructions
1236,success,Language Instructions
1214,fail,Language Instructions
1279,fail,Language Instructions
1201,fail,Language Instructions
1240,fail,Language Instructions
1218,success,Language Instructions
1205,success,Language Instructions
1244,success,Language Instructions
1283,fail,Language Instructions
1222,success,Language Instructions
1209,fail,Language Instructions
1248,success,Language Instructions
1287,fail,Language Instructions
1252,success,Language Instructions
1226,fail,Language Instructions
1213,success,Language Instructions
1291,success,Language Instructions
1295,success,Language Instructions
1230,success,Language Instructions
1256,fail,Language Instructions
1217,success,Language Instructions
1299,success,Language Instructions
1234,fail,Language Instructions
1221,fail,Language Instructions
1260,fail,Language Instructions
1303,fail,Language Instructions
1264,success,Language Instructions
1238,success,Language Instructions
1225,success,Language Instructions
1307,fail,Language Instructions
1242,success,Language Instructions
1229,success,Language Instructions
1268,fail,Language Instructions
1272,success,Language Instructions
1311,fail,Language Instructions
1246,success,Language Instructions
1233,success,Language Instructions
1276,success,Language Instructions
1315,success,Language Instructions
1250,success,Language Instructions
1237,success,Language Instructions
1280,success,Language Instructions
1319,fail,Language Instructions
1254,fail,Language Instructions
1241,success,Language Instructions
1284,success,Language Instructions
1323,success,Language Instructions
1258,success,Language Instructions
1288,fail,Language Instructions
1245,fail,Language Instructions
1262,success,Language Instructions
1331,success,Language Instructions
1292,success,Language Instructions
1266,success,Language Instructions
1335,success,Language Instructions
1249,fail,Language Instructions
1270,success,Language Instructions
1296,fail,Language Instructions
1253,success,Language Instructions
1274,success,Language Instructions
1339,fail,Language Instructions
1257,success,Language Instructions
1343,success,Language Instructions
1300,fail,Language Instructions
1278,fail,Language Instructions
1261,success,Language Instructions
1347,success,Language Instructions
1282,success,Language Instructions
1265,success,Language Instructions
1351,success,Language Instructions
1304,fail,Language Instructions
1286,success,Language Instructions
1269,success,Language Instructions
1355,success,Language Instructions
1290,success,Language Instructions
1273,success,Language Instructions
1308,success,Language Instructions
1294,success,Language Instructions
1277,success,Language Instructions
1359,fail,Language Instructions
1312,fail,Language Instructions
1281,success,Language Instructions
1298,fail,Language Instructions
1363,success,Language Instructions
1285,success,Language Instructions
1316,fail,Language Instructions
1289,success,Language Instructions
1302,success,Language Instructions
1367,fail,Language Instructions
1293,success,Language Instructions
1320,fail,Language Instructions
1371,success,Language Instructions
1306,fail,Language Instructions
1375,success,Language Instructions
1324,success,Language Instructions
1297,fail,Language Instructions
1310,success,Language Instructions
1379,success,Language Instructions
1301,success,Language Instructions
1328,fail,Language Instructions
1314,fail,Language Instructions
1332,success,Language Instructions
1383,fail,Language Instructions
1305,fail,Language Instructions
1318,success,Language Instructions
1387,success,Language Instructions
1309,success,Language Instructions
1336,fail,Language Instructions
1340,success,Language Instructions
1322,fail,Language Instructions
1391,success,Language Instructions
1313,success,Language Instructions
1344,success,Language Instructions
1395,success,Language Instructions
1326,success,Language Instructions
1317,fail,Language Instructions
1348,fail,Language Instructions
1407,success,Language Instructions
1330,fail,Language Instructions
1321,fail,Language Instructions
1352,fail,Language Instructions
1334,fail,Language Instructions
1411,fail,Language Instructions
1325,fail,Language Instructions
1415,success,Language Instructions
1356,fail,Language Instructions
1338,fail,Language Instructions
1329,fail,Language Instructions
1419,success,Language Instructions
1360,success,Language Instructions
1342,success,Language Instructions
1423,success,Language Instructions
1364,success,Language Instructions
1333,fail,Language Instructions
1346,fail,Language Instructions
1427,success,Language Instructions
1337,success,Language Instructions
1372,success,Language Instructions
1350,success,Language Instructions
1341,success,Language Instructions
1376,success,Language Instructions
1431,fail,Language Instructions
1380,success,Language Instructions
1354,fail,Language Instructions
1345,fail,Language Instructions
1941,success,Objects Layout
1942,success,Objects Layout
1945,success,Objects Layout
1943,success,Objects Layout
1946,success,Objects Layout
1944,fail,Objects Layout
25,success,Background Textures
11,fail,Background Textures
190,fail,Background Textures
198,fail,Background Textures
23,fail,Background Textures
196,fail,Background Textures
1952,success,Objects Layout
1950,fail,Objects Layout
1948,fail,Objects Layout
1949,fail,Objects Layout
1951,fail,Objects Layout
1947,fail,Objects Layout
277,success,Background Textures
271,success,Background Textures
215,success,Background Textures
320,fail,Robot Initial States
201,fail,Background Textures
1958,fail,Objects Layout
301,fail,Robot Initial States
566,success,Robot Initial States
569,fail,Robot Initial States
1956,fail,Objects Layout
1955,fail,Objects Layout
1957,fail,Objects Layout
1953,fail,Objects Layout
1954,fail,Objects Layout
562,fail,Robot Initial States
574,fail,Robot Initial States
570,success,Robot Initial States
577,success,Robot Initial States
578,success,Robot Initial States
1964,fail,Objects Layout
573,fail,Robot Initial States
1961,fail,Objects Layout
591,success,Robot Initial States
1960,fail,Objects Layout
1959,fail,Objects Layout
1963,fail,Objects Layout
1962,fail,Objects Layout
575,fail,Robot Initial States
579,fail,Robot Initial States
600,success,Robot Initial States
586,fail,Robot Initial States
580,success,Robot Initial States
585,fail,Robot Initial States
1970,fail,Objects Layout
596,success,Robot Initial States
595,success,Robot Initial States
589,success,Robot Initial States
1967,fail,Objects Layout
1968,fail,Objects Layout
583,success,Robot Initial States
1965,fail,Objects Layout
1969,fail,Objects Layout
627,success,Robot Initial States
604,success,Robot Initial States
1966,fail,Objects Layout
599,success,Robot Initial States
619,success,Robot Initial States
1976,fail,Objects Layout
616,success,Robot Initial States
651,success,Robot Initial States
587,fail,Robot Initial States
623,success,Robot Initial States
639,success,Robot Initial States
1974,fail,Objects Layout
1973,fail,Objects Layout
1971,fail,Objects Layout
635,success,Robot Initial States
1975,fail,Objects Layout
1972,fail,Objects Layout
647,success,Robot Initial States
592,fail,Robot Initial States
1982,fail,Objects Layout
682,fail,Robot Initial States
620,success,Robot Initial States
1977,success,Objects Layout
1978,success,Objects Layout
1980,success,Objects Layout
673,fail,Robot Initial States
1981,success,Objects Layout
1979,fail,Objects Layout
670,fail,Robot Initial States
1988,success,Objects Layout
643,success,Robot Initial States
677,fail,Robot Initial States
982,fail,Camera Viewpoints
1986,success,Objects Layout
698,success,Camera Viewpoints
1984,success,Objects Layout
603,success,Robot Initial States
1987,success,Objects Layout
1983,fail,Objects Layout
1985,success,Objects Layout
687,fail,Robot Initial States
615,success,Robot Initial States
1075,success,Camera Viewpoints
1063,fail,Camera Viewpoints
674,fail,Robot Initial States
1070,success,Camera Viewpoints
2000,success,Objects Layout
1993,success,Objects Layout
1996,success,Objects Layout
1991,success,Objects Layout
631,success,Robot Initial States
1998,success,Objects Layout
1989,success,Objects Layout
1061,fail,Camera Viewpoints
709,success,Camera Viewpoints
1080,success,Camera Viewpoints
1106,fail,Language Instructions
2006,fail,Objects Layout
1358,success,Language Instructions
2002,success,Objects Layout
1999,success,Objects Layout
655,success,Robot Initial States
1997,success,Objects Layout
1130,success,Language Instructions
1079,success,Camera Viewpoints
1142,success,Language Instructions
2004,fail,Objects Layout
1995,fail,Objects Layout
1369,success,Language Instructions
1067,fail,Camera Viewpoints
1353,success,Language Instructions
2005,fail,Objects Layout
2012,fail,Objects Layout
2008,fail,Objects Layout
1381,success,Language Instructions
686,fail,Robot Initial States
2003,fail,Objects Layout
2001,success,Objects Layout
1116,fail,Language Instructions
1089,success,Camera Viewpoints
1361,fail,Language Instructions
2010,fail,Objects Layout
1366,fail,Language Instructions
1389,success,Language Instructions
2014,success,Objects Layout
1349,success,Language Instructions
2007,success,Objects Layout
1370,success,Language Instructions
2018,fail,Objects Layout
1357,success,Language Instructions
2011,fail,Objects Layout
2009,fail,Objects Layout
1377,success,Language Instructions
1397,success,Language Instructions
1365,success,Language Instructions
2016,fail,Objects Layout
1382,success,Language Instructions
2024,success,Objects Layout
1109,fail,Language Instructions
2020,fail,Objects Layout
2013,fail,Objects Layout
2017,success,Objects Layout
2022,success,Objects Layout
1368,fail,Language Instructions
1374,success,Language Instructions
1410,success,Language Instructions
1390,success,Language Instructions
1327,success,Language Instructions
2030,success,Objects Layout
2019,success,Objects Layout
2015,fail,Objects Layout
2026,success,Objects Layout
2023,success,Objects Layout
1386,fail,Language Instructions
1418,success,Language Instructions
1385,success,Language Instructions
1398,success,Language Instructions
2028,success,Objects Layout
1362,success,Language Instructions
2025,success,Objects Layout
1378,fail,Language Instructions
2032,success,Objects Layout
2036,success,Objects Layout
2021,success,Objects Layout
2029,success,Objects Layout
1393,success,Language Instructions
1426,success,Language Instructions
1404,success,Language Instructions
1401,success,Language Instructions
1373,success,Language Instructions
2034,success,Objects Layout
2031,success,Objects Layout
2042,success,Objects Layout
1388,success,Language Instructions
1406,success,Language Instructions
1412,success,Language Instructions
2027,success,Objects Layout
2038,success,Objects Layout
1434,success,Language Instructions
2035,success,Objects Layout
1408,success,Language Instructions
2040,success,Objects Layout
2037,success,Objects Layout
1396,success,Language Instructions
1384,fail,Language Instructions
1414,success,Language Instructions
2044,success,Objects Layout
1416,success,Language Instructions
2033,success,Objects Layout
2041,success,Objects Layout
2048,fail,Objects Layout
1402,success,Language Instructions
2046,success,Objects Layout
1440,fail,Language Instructions
1420,fail,Language Instructions
2043,success,Objects Layout
1430,success,Language Instructions
1424,success,Language Instructions
1409,success,Language Instructions
1399,success,Language Instructions
2039,success,Objects Layout
1446,success,Language Instructions
2050,fail,Objects Layout
1437,success,Language Instructions
1432,success,Language Instructions
2054,fail,Objects Layout
1405,success,Language Instructions
2045,success,Objects Layout
2047,fail,Objects Layout
2052,fail,Objects Layout
1428,fail,Language Instructions
1417,success,Language Instructions
2049,fail,Objects Layout
1443,success,Language Instructions
1452,fail,Language Instructions
1421,success,Language Instructions
2056,fail,Objects Layout
1425,success,Language Instructions
1435,success,Language Instructions
2060,fail,Objects Layout
1449,success,Language Instructions
2053,fail,Objects Layout
2051,fail,Objects Layout
1438,fail,Language Instructions
2055,fail,Objects Layout
2058,fail,Objects Layout
1433,success,Language Instructions
1429,success,Language Instructions
1441,success,Language Instructions
1464,success,Language Instructions
1455,success,Language Instructions
2066,success,Objects Layout
2062,fail,Objects Layout
1444,success,Language Instructions
1439,success,Language Instructions
1447,success,Language Instructions
1436,success,Language Instructions
2057,fail,Objects Layout
2059,fail,Objects Layout
1450,success,Language Instructions
2064,fail,Objects Layout
2072,success,Objects Layout
2068,success,Objects Layout
2061,fail,Objects Layout
1445,success,Language Instructions
1442,success,Language Instructions
1453,success,Language Instructions
1461,fail,Language Instructions
1470,fail,Language Instructions
1456,success,Language Instructions
2067,success,Objects Layout
2074,success,Objects Layout
2070,success,Objects Layout
1448,success,Language Instructions
2063,fail,Objects Layout
1459,success,Language Instructions
2065,fail,Objects Layout
2078,fail,Objects Layout
1451,fail,Language Instructions
1462,success,Language Instructions
1467,fail,Language Instructions
1454,success,Language Instructions
1482,fail,Language Instructions
2069,success,Objects Layout
2073,success,Objects Layout
2080,fail,Objects Layout
1457,success,Language Instructions
1477,success,Language Instructions
2076,fail,Objects Layout
2084,fail,Objects Layout
2071,success,Objects Layout
1473,success,Language Instructions
1460,success,Language Instructions
2075,success,Objects Layout
1474,success,Language Instructions
1488,fail,Language Instructions
2079,fail,Objects Layout
2086,fail,Objects Layout
2082,fail,Objects Layout
1483,fail,Language Instructions
1463,fail,Language Instructions
2090,fail,Objects Layout
2077,fail,Objects Layout
1494,success,Language Instructions
1479,fail,Language Instructions
1472,success,Language Instructions
2081,fail,Objects Layout
2085,fail,Objects Layout
1486,fail,Language Instructions
2092,fail,Objects Layout
1469,success,Language Instructions
2088,fail,Objects Layout
1485,success,Language Instructions
2083,fail,Objects Layout
2096,fail,Objects Layout
1489,fail,Language Instructions
1500,fail,Language Instructions
1478,fail,Language Instructions
2098,success,Objects Layout
2087,fail,Objects Layout
2091,fail,Objects Layout
1492,fail,Language Instructions
2094,fail,Objects Layout
2089,fail,Objects Layout
2102,success,Objects Layout
1495,success,Language Instructions
2104,success,Objects Layout
1475,fail,Language Instructions
1490,success,Language Instructions
1491,fail,Language Instructions
2093,fail,Objects Layout
1498,success,Language Instructions
2097,success,Objects Layout
1512,fail,Sensor Noise
2108,success,Objects Layout
1481,success,Language Instructions
2100,success,Objects Layout
1501,fail,Language Instructions
2103,success,Objects Layout
1504,success,Language Instructions
2095,fail,Objects Layout
1497,success,Language Instructions
2110,fail,Objects Layout
1496,fail,Language Instructions
1518,fail,Sensor Noise
2099,fail,Objects Layout
1487,success,Language Instructions
2114,fail,Objects Layout
2106,success,Objects Layout
1503,success,Language Instructions
2101,success,Objects Layout
1502,success,Language Instructions
1507,fail,Language Instructions
1510,fail,Sensor Noise
2105,success,Objects Layout
2116,fail,Objects Layout
2109,fail,Objects Layout
1524,fail,Sensor Noise
1509,success,Sensor Noise
1493,fail,Language Instructions
2120,fail,Objects Layout
2112,fail,Objects Layout
2107,success,Objects Layout
1513,success,Sensor Noise
1536,success,Sensor Noise
1508,fail,Sensor Noise
2122,fail,Objects Layout
2111,fail,Objects Layout
2115,fail,Objects Layout
1499,fail,Language Instructions
1522,fail,Sensor Noise
1515,fail,Sensor Noise
2126,fail,Objects Layout
2118,fail,Objects Layout
2113,fail,Objects Layout
2128,success,Objects Layout
1514,fail,Sensor Noise
1519,fail,Sensor Noise
1505,success,Language Instructions
1521,success,Sensor Noise
1528,success,Sensor Noise
2121,fail,Objects Layout
2117,fail,Objects Layout
1542,success,Sensor Noise
2132,success,Objects Layout
2134,success,Objects Layout
2124,fail,Objects Layout
2119,fail,Objects Layout
1534,success,Sensor Noise
1511,fail,Sensor Noise
2138,success,Objects Layout
1554,success,Sensor Noise
2130,success,Objects Layout
2127,fail,Objects Layout
2140,success,Objects Layout
1525,fail,Sensor Noise
1527,fail,Sensor Noise
2123,fail,Objects Layout
1520,fail,Sensor Noise
2125,fail,Objects Layout
1560,success,Sensor Noise
2133,success,Objects Layout
2146,success,Objects Layout
2129,success,Objects Layout
2144,success,Objects Layout
2136,success,Objects Layout
1533,success,Sensor Noise
1517,fail,Sensor Noise
2131,success,Objects Layout
1566,success,Sensor Noise
1526,fail,Sensor Noise
1531,fail,Sensor Noise
2135,success,Objects Layout
2152,success,Objects Layout
2150,success,Objects Layout
2139,success,Objects Layout
2142,success,Objects Layout
1540,fail,Sensor Noise
2137,success,Objects Layout
1537,success,Sensor Noise
1523,fail,Sensor Noise
1572,success,Sensor Noise
1538,success,Sensor Noise
2145,success,Objects Layout
2141,success,Objects Layout
2148,success,Objects Layout
2156,fail,Objects Layout
2158,fail,Objects Layout
1552,success,Sensor Noise
2143,success,Objects Layout
1578,success,Sensor Noise
1545,fail,Sensor Noise
2147,success,Objects Layout
2151,success,Objects Layout
1558,success,Sensor Noise
1529,fail,Sensor Noise
2149,success,Objects Layout
2162,fail,Objects Layout
1551,success,Sensor Noise
1584,success,Sensor Noise
2154,fail,Objects Layout
1543,fail,Sensor Noise
2164,fail,Objects Layout
1544,fail,Sensor Noise
1564,success,Sensor Noise
1557,success,Sensor Noise
1590,success,Sensor Noise
2157,fail,Objects Layout
2153,fail,Objects Layout
1550,success,Sensor Noise
1535,success,Sensor Noise
2168,fail,Objects Layout
2155,fail,Objects Layout
1570,success,Sensor Noise
1563,success,Sensor Noise
2170,fail,Objects Layout
2160,fail,Objects Layout
1549,fail,Sensor Noise
1596,success,Sensor Noise
1556,success,Sensor Noise
1569,success,Sensor Noise
1555,success,Sensor Noise
2174,success,Objects Layout
1576,success,Sensor Noise
1602,success,Sensor Noise
2159,fail,Objects Layout
2166,fail,Objects Layout
2163,fail,Objects Layout
1541,success,Sensor Noise
2161,fail,Objects Layout
2182,success,Objects Layout
1561,success,Sensor Noise
1562,success,Sensor Noise
1575,success,Sensor Noise
1582,success,Sensor Noise
2180,success,Objects Layout
2172,success,Objects Layout
1608,success,Sensor Noise
1567,success,Sensor Noise
1568,success,Sensor Noise
1588,success,Sensor Noise
2165,fail,Objects Layout
2167,fail,Objects Layout
2169,fail,Objects Layout
2194,success,Objects Layout
1581,fail,Sensor Noise
1547,fail,Sensor Noise
1574,success,Sensor Noise
1573,success,Sensor Noise
1594,success,Sensor Noise
2178,fail,Objects Layout
2171,success,Objects Layout
2173,success,Objects Layout
1553,success,Sensor Noise
2200,success,Objects Layout
1580,success,Sensor Noise
1579,success,Sensor Noise
2175,fail,Objects Layout
1614,fail,Sensor Noise
1587,fail,Sensor Noise
2192,fail,Objects Layout
1585,success,Sensor Noise
1586,success,Sensor Noise
1559,success,Sensor Noise
1600,fail,Sensor Noise
2185,success,Objects Layout
2177,fail,Objects Layout
2206,fail,Objects Layout
1620,success,Sensor Noise
2198,success,Objects Layout
1591,success,Sensor Noise
1565,success,Sensor Noise
2187,success,Objects Layout
2196,success,Objects Layout
1593,fail,Sensor Noise
1592,success,Sensor Noise
2212,success,Objects Layout
1606,fail,Sensor Noise
1597,success,Sensor Noise
1571,success,Sensor Noise
1626,fail,Sensor Noise
2197,success,Objects Layout
1599,success,Sensor Noise
2193,success,Objects Layout
2202,fail,Objects Layout
2204,fail,Objects Layout
2189,success,Objects Layout
1603,success,Sensor Noise
1612,success,Sensor Noise
1598,success,Sensor Noise
2218,fail,Objects Layout
1577,success,Sensor Noise
1605,success,Sensor Noise
2203,success,Objects Layout
2199,success,Objects Layout
1632,fail,Sensor Noise
2195,success,Objects Layout
1604,success,Sensor Noise
1583,success,Sensor Noise
1618,success,Sensor Noise
2224,success,Objects Layout
2208,fail,Objects Layout
2216,fail,Objects Layout
1617,success,Sensor Noise
2209,fail,Objects Layout
1589,success,Sensor Noise
1638,success,Sensor Noise
2201,success,Objects Layout
2214,success,Objects Layout
1610,success,Sensor Noise
2230,success,Objects Layout
2205,fail,Objects Layout
1609,fail,Sensor Noise
1624,fail,Sensor Noise
2222,success,Objects Layout
2220,success,Objects Layout
1616,success,Sensor Noise
1623,fail,Sensor Noise
1644,success,Sensor Noise
2215,fail,Objects Layout
2236,success,Objects Layout
2207,fail,Objects Layout
1615,success,Sensor Noise
2228,success,Objects Layout
1595,fail,Sensor Noise
2211,fail,Objects Layout
2226,success,Objects Layout
1630,fail,Sensor Noise
2221,success,Objects Layout
2242,success,Objects Layout
1622,fail,Sensor Noise
1621,success,Sensor Noise
2234,success,Objects Layout
1629,fail,Sensor Noise
2232,success,Objects Layout
2227,success,Objects Layout
2248,success,Objects Layout
1636,success,Sensor Noise
2217,fail,Objects Layout
2219,fail,Objects Layout
1601,fail,Sensor Noise
2240,success,Objects Layout
1650,fail,Sensor Noise
1628,success,Sensor Noise
1627,success,Sensor Noise
1635,fail,Sensor Noise
2254,success,Objects Layout
2238,success,Objects Layout
2233,success,Objects Layout
2246,success,Objects Layout
2223,success,Objects Layout
2225,success,Objects Layout
1642,success,Sensor Noise
2252,success,Objects Layout
2260,success,Objects Layout
2239,success,Objects Layout
2244,success,Objects Layout
1607,fail,Sensor Noise
2229,success,Objects Layout
1656,fail,Sensor Noise
1641,success,Sensor Noise
1634,fail,Sensor Noise
1633,fail,Sensor Noise
2231,success,Objects Layout
2258,success,Objects Layout
2266,success,Objects Layout
2250,success,Objects Layout
2245,success,Objects Layout
2235,success,Objects Layout
2237,success,Objects Layout
1648,success,Sensor Noise
2264,success,Objects Layout
1640,success,Sensor Noise
2272,success,Objects Layout
1647,fail,Sensor Noise
1662,success,Sensor Noise
1639,fail,Sensor Noise
1613,success,Sensor Noise
2251,success,Objects Layout
2241,success,Objects Layout
2270,success,Objects Layout
2256,fail,Objects Layout
2278,success,Objects Layout
1646,fail,Sensor Noise
2243,fail,Objects Layout
2257,success,Objects Layout
2247,success,Objects Layout
1619,success,Sensor Noise
2262,success,Objects Layout
1668,fail,Sensor Noise
2276,success,Objects Layout
1654,fail,Sensor Noise
1653,success,Sensor Noise
2249,success,Objects Layout
2284,success,Objects Layout
2253,success,Objects Layout
2263,success,Objects Layout
2268,success,Objects Layout
1625,success,Sensor Noise
1651,fail,Sensor Noise
2255,success,Objects Layout
2290,success,Objects Layout
1660,success,Sensor Noise
1659,success,Sensor Noise
1652,success,Sensor Noise
1674,fail,Sensor Noise
2269,success,Objects Layout
2294,success,Objects Layout
2274,success,Objects Layout
2261,success,Objects Layout
2296,success,Objects Layout
2259,success,Objects Layout
1666,success,Sensor Noise
2300,success,Objects Layout
2275,success,Objects Layout
1631,fail,Sensor Noise
2280,success,Objects Layout
1665,fail,Sensor Noise
1658,fail,Sensor Noise
2302,success,Objects Layout
1657,fail,Sensor Noise
2267,success,Objects Layout
2265,success,Objects Layout
1680,fail,Sensor Noise
2306,success,Objects Layout
1672,success,Sensor Noise
2308,success,Objects Layout
2286,success,Objects Layout
2273,success,Objects Layout
1671,success,Sensor Noise
2271,success,Objects Layout
1686,success,Sensor Noise
1663,success,Sensor Noise
2287,success,Objects Layout
1637,fail,Sensor Noise
1678,success,Sensor Noise
2312,fail,Light Conditions
1664,fail,Sensor Noise
2292,success,Objects Layout
2277,success,Objects Layout
1692,success,Sensor Noise
1669,success,Sensor Noise
1670,fail,Sensor Noise
2304,success,Objects Layout
2311,success,Objects Layout
1690,fail,Sensor Noise
1693,success,Sensor Noise
2309,success,Objects Layout
2316,success,Light Conditions
1703,success,Sensor Noise
1710,fail,Sensor Noise
1696,success,Sensor Noise
2334,fail,Light Conditions
1752,success,Sensor Noise
1725,success,Sensor Noise
1747,success,Sensor Noise
1724,success,Sensor Noise
2359,success,Light Conditions
1733,success,Sensor Noise
1732,success,Sensor Noise
2352,fail,Light Conditions
1758,success,Sensor Noise
2357,fail,Light Conditions
2366,success,Light Conditions
2368,success,Light Conditions
2349,fail,Light Conditions
1739,success,Sensor Noise
1730,success,Sensor Noise
1731,success,Sensor Noise
1764,success,Sensor Noise
1738,success,Sensor Noise
2365,success,Light Conditions
1753,fail,Sensor Noise
1745,success,Sensor Noise
1737,success,Sensor Noise
2363,success,Light Conditions
2358,fail,Light Conditions
2355,success,Light Conditions
2372,success,Light Conditions
1770,success,Sensor Noise
1744,success,Sensor Noise
1759,success,Sensor Noise
2374,success,Light Conditions
2371,success,Light Conditions
1751,success,Sensor Noise
1743,success,Sensor Noise
1736,success,Sensor Noise
1757,success,Sensor Noise
1749,success,Sensor Noise
1765,success,Sensor Noise
1742,success,Sensor Noise
2369,success,Light Conditions
1750,success,Sensor Noise
1763,success,Sensor Noise
2378,success,Light Conditions
1755,success,Sensor Noise
2380,success,Light Conditions
1776,success,Sensor Noise
2364,fail,Light Conditions
1771,success,Sensor Noise
2361,success,Light Conditions
1748,success,Sensor Noise
2377,fail,Light Conditions
1769,success,Sensor Noise
1756,success,Sensor Noise
1761,success,Sensor Noise
1782,success,Sensor Noise
2384,success,Light Conditions
2375,fail,Light Conditions
1754,success,Sensor Noise
1777,success,Sensor Noise
2367,success,Light Conditions
2370,success,Light Conditions
2386,success,Light Conditions
1767,success,Sensor Noise
1762,success,Sensor Noise
1775,success,Sensor Noise
1788,fail,Sensor Noise
2390,fail,Light Conditions
1783,success,Sensor Noise
1760,success,Sensor Noise
2383,fail,Light Conditions
2392,success,Light Conditions
1768,success,Sensor Noise
2376,success,Light Conditions
1773,fail,Sensor Noise
2381,fail,Light Conditions
1781,success,Sensor Noise
2373,fail,Light Conditions
1766,success,Sensor Noise
1789,success,Sensor Noise
2396,fail,Light Conditions
1774,success,Sensor Noise
2382,success,Light Conditions
2398,success,Light Conditions
1779,success,Sensor Noise
2389,success,Light Conditions
1787,success,Sensor Noise
1794,fail,Sensor Noise
1772,success,Sensor Noise
2387,fail,Light Conditions
2379,success,Light Conditions
1780,success,Sensor Noise
2404,success,Light Conditions
2388,success,Light Conditions
1795,fail,Sensor Noise
2402,success,Light Conditions
1793,success,Sensor Noise
1800,success,Sensor Noise
1791,success,Sensor Noise
1778,success,Sensor Noise
1786,success,Sensor Noise
2395,success,Light Conditions
1801,success,Sensor Noise
2410,success,Light Conditions
2385,success,Light Conditions
1784,success,Sensor Noise
1799,success,Sensor Noise
1806,success,Sensor Noise
2394,success,Light Conditions
2408,success,Light Conditions
1792,success,Sensor Noise
2393,fail,Light Conditions
1813,success,Sensor Noise
1797,success,Sensor Noise
2416,success,Light Conditions
2414,success,Light Conditions
1805,success,Sensor Noise
1812,success,Sensor Noise
1798,success,Sensor Noise
2400,success,Light Conditions
2401,fail,Light Conditions
2391,fail,Light Conditions
1819,success,Sensor Noise
1796,fail,Sensor Noise
1803,success,Sensor Noise
2399,success,Light Conditions
2422,success,Light Conditions
1818,success,Sensor Noise
1811,success,Sensor Noise
2420,success,Light Conditions
1802,success,Sensor Noise
2406,success,Light Conditions
1825,success,Sensor Noise
2407,success,Light Conditions
1816,success,Sensor Noise
1824,success,Sensor Noise
2405,success,Light Conditions
1817,success,Sensor Noise
2428,success,Light Conditions
2397,success,Light Conditions
1809,success,Sensor Noise
1822,success,Sensor Noise
2426,success,Light Conditions
1831,success,Sensor Noise
2413,success,Light Conditions
2412,success,Light Conditions
1823,success,Sensor Noise
1830,success,Sensor Noise
1815,success,Sensor Noise
2411,success,Light Conditions
2434,success,Light Conditions
1828,success,Sensor Noise
2432,success,Light Conditions
1829,success,Sensor Noise
1837,success,Sensor Noise
2419,success,Light Conditions
1821,success,Sensor Noise
2403,fail,Light Conditions
2417,success,Light Conditions
1836,success,Sensor Noise
2440,success,Light Conditions
1808,fail,Sensor Noise
2418,fail,Light Conditions
1834,success,Sensor Noise
1827,success,Sensor Noise
1843,success,Sensor Noise
2438,success,Light Conditions
1835,success,Sensor Noise
2425,success,Light Conditions
1814,success,Sensor Noise
2446,success,Light Conditions
2409,success,Light Conditions
1842,success,Sensor Noise
2423,success,Light Conditions
1833,success,Sensor Noise
2424,success,Light Conditions
1840,success,Sensor Noise
2444,success,Light Conditions
1849,success,Sensor Noise
1841,success,Sensor Noise
1820,success,Sensor Noise
2431,success,Light Conditions
2452,success,Light Conditions
2415,success,Light Conditions
2429,success,Light Conditions
1848,success,Sensor Noise
1839,success,Sensor Noise
1846,success,Sensor Noise
2430,success,Light Conditions
2450,success,Light Conditions
1826,success,Sensor Noise
2458,success,Light Conditions
1847,success,Sensor Noise
2421,success,Light Conditions
1855,fail,Sensor Noise
2435,success,Light Conditions
1832,success,Sensor Noise
2456,success,Light Conditions
1845,success,Sensor Noise
1854,fail,Sensor Noise
2464,success,Light Conditions
2437,fail,Light Conditions
2436,success,Light Conditions
1852,fail,Sensor Noise
2427,success,Light Conditions
2441,success,Light Conditions
2462,success,Light Conditions
1838,success,Sensor Noise
1853,fail,Sensor Noise
1861,fail,Sensor Noise
1851,success,Sensor Noise
2443,success,Light Conditions
2442,success,Light Conditions
1860,fail,Sensor Noise
2433,success,Light Conditions
2447,success,Light Conditions
1844,success,Sensor Noise
1858,fail,Sensor Noise
2468,success,Light Conditions
2470,fail,Light Conditions
2449,success,Light Conditions
1857,success,Sensor Noise
1859,fail,Sensor Noise
2448,success,Light Conditions
1866,success,Sensor Noise
1867,fail,Sensor Noise
2453,success,Light Conditions
1850,success,Sensor Noise
2455,success,Light Conditions
2439,success,Light Conditions
2454,success,Light Conditions
2474,fail,Light Conditions
2459,success,Light Conditions
1864,fail,Sensor Noise
1863,fail,Sensor Noise
2461,success,Light Conditions
2460,success,Light Conditions
2476,fail,Light Conditions
1872,fail,Sensor Noise
1873,fail,Sensor Noise
2445,success,Light Conditions
1856,success,Sensor Noise
1871,fail,Sensor Noise
2465,success,Light Conditions
1869,success,Sensor Noise
2466,success,Light Conditions
2451,success,Light Conditions
2467,success,Light Conditions
1870,fail,Sensor Noise
2480,fail,Light Conditions
2482,fail,Light Conditions
1875,success,Sensor Noise
1877,fail,Sensor Noise
1862,fail,Sensor Noise
2471,fail,Light Conditions
2457,success,Light Conditions
1878,success,Sensor Noise
1876,success,Sensor Noise
2486,success,Light Conditions
2488,success,Light Conditions
1879,fail,Sensor Noise
2472,success,Light Conditions
2477,success,Light Conditions
2473,fail,Light Conditions
2463,success,Light Conditions
2492,success,Light Conditions
1883,success,Sensor Noise
1881,success,Sensor Noise
2494,success,Light Conditions
1868,fail,Sensor Noise
2483,success,Light Conditions
2478,fail,Light Conditions
1888,fail,Objects Layout
1885,fail,Sensor Noise
1889,success,Objects Layout
2498,success,Light Conditions
1887,success,Objects Layout
1884,fail,Sensor Noise
2500,success,Light Conditions
2469,success,Light Conditions
2479,fail,Light Conditions
2484,success,Light Conditions
1874,fail,Sensor Noise
2489,success,Light Conditions
1891,success,Objects Layout
2504,success,Light Conditions
2506,success,Light Conditions
2475,success,Light Conditions
1890,success,Objects Layout
1893,success,Objects Layout
1894,fail,Objects Layout
2485,success,Light Conditions
2490,success,Light Conditions
1901,success,Objects Layout
2495,success,Light Conditions
1880,success,Sensor Noise
2512,success,Light Conditions
1896,success,Objects Layout
2510,fail,Light Conditions
2496,success,Light Conditions
1897,fail,Objects Layout
2491,success,Light Conditions
2481,fail,Light Conditions
2501,success,Light Conditions
1907,success,Objects Layout
1899,fail,Objects Layout
2524,success,Light Conditions
2502,success,Light Conditions
2487,success,Light Conditions
1906,fail,Objects Layout
2497,success,Light Conditions
2516,success,Light Conditions
1903,success,Objects Layout
1886,fail,Sensor Noise
2507,success,Light Conditions
1914,success,Objects Layout
2530,success,Light Conditions
1913,fail,Objects Layout
1905,success,Objects Layout
2503,success,Light Conditions
2508,success,Light Conditions
2522,success,Light Conditions
2493,success,Light Conditions
2513,success,Light Conditions
1912,fail,Objects Layout
1909,fail,Objects Layout
1892,success,Objects Layout
1920,fail,Objects Layout
1911,success,Objects Layout
2499,success,Light Conditions
1919,fail,Objects Layout
2519,success,Light Conditions
2536,fail,Light Conditions
2514,success,Light Conditions
2528,success,Light Conditions
1918,success,Objects Layout
2515,fail,Light Conditions
2505,success,Light Conditions
1915,fail,Objects Layout
1898,fail,Objects Layout
1926,fail,Objects Layout
2525,success,Light Conditions
2520,success,Light Conditions
2534,success,Light Conditions
2542,fail,Light Conditions
1925,fail,Objects Layout
1923,fail,Objects Layout
2521,success,Light Conditions
1924,fail,Objects Layout
1904,success,Objects Layout
1921,fail,Objects Layout
1932,success,Objects Layout
2548,success,Light Conditions
2527,success,Light Conditions
2511,fail,Light Conditions
1931,success,Objects Layout
2526,fail,Light Conditions
2540,fail,Light Conditions
1929,fail,Objects Layout
1927,success,Objects Layout
1910,success,Objects Layout
2531,fail,Light Conditions
1930,fail,Objects Layout
1938,success,Objects Layout
2554,success,Light Conditions
2533,fail,Light Conditions
2517,success,Light Conditions
2532,success,Light Conditions
1937,success,Objects Layout
1935,success,Objects Layout
1916,fail,Objects Layout
2537,fail,Light Conditions
1936,success,Objects Layout
1933,fail,Objects Layout
2546,fail,Light Conditions
2560,success,Light Conditions
2544,success,Light Conditions
2523,success,Light Conditions
2552,success,Light Conditions
2543,success,Light Conditions
2539,fail,Light Conditions
1922,fail,Objects Layout
2566,success,Light Conditions
1939,fail,Objects Layout
2550,success,Light Conditions
2545,success,Light Conditions
2549,success,Light Conditions
2572,success,Light Conditions
2558,success,Light Conditions
1928,fail,Objects Layout
2556,success,Light Conditions
2535,success,Light Conditions
2551,success,Light Conditions
2578,success,Light Conditions
2555,success,Light Conditions
2564,success,Light Conditions
2584,success,Light Conditions
2557,success,Light Conditions
1934,success,Objects Layout
2570,success,Light Conditions
2541,success,Light Conditions
2562,success,Light Conditions
2563,success,Light Conditions
2590,success,Light Conditions
2561,fail,Light Conditions
2576,success,Light Conditions
2568,success,Light Conditions
2547,success,Light Conditions
2569,success,Light Conditions
1940,success,Objects Layout
2567,success,Light Conditions
2574,success,Light Conditions
2553,success,Light Conditions
2575,success,Light Conditions
2588,success,Light Conditions
2559,success,Light Conditions
2579,success,Light Conditions
2581,success,Light Conditions
2565,success,Light Conditions
2587,success,Light Conditions
2571,success,Light Conditions
2577,success,Light Conditions
2583,success,Light Conditions
2589,success,Light Conditions
1804,success,Sensor Noise
1790,success,Sensor Noise
1810,success,Sensor Noise
1807,success,Sensor Noise
1865,success,Sensor Noise
1900,success,Objects Layout
1895,success,Objects Layout
1882,fail,Sensor Noise
1992,success,Objects Layout
1902,success,Objects Layout
1908,fail,Objects Layout
1917,fail,Objects Layout
2186,success,Objects Layout
1990,success,Objects Layout
2191,success,Objects Layout
2184,success,Objects Layout
2279,success,Objects Layout
2179,success,Objects Layout
2176,success,Objects Layout
2181,success,Objects Layout
2188,success,Objects Layout
2183,success,Objects Layout
2295,success,Objects Layout
2190,success,Objects Layout
2213,fail,Objects Layout
2299,success,Objects Layout
2289,success,Objects Layout
2305,success,Objects Layout
2281,success,Objects Layout
2288,success,Objects Layout
2282,success,Objects Layout
2210,fail,Objects Layout
2283,success,Objects Layout
2285,success,Objects Layout
2313,fail,Light Conditions
2291,success,Objects Layout
2298,success,Objects Layout
2293,success,Objects Layout
2317,fail,Light Conditions
2297,success,Objects Layout
2303,success,Objects Layout
2301,success,Objects Layout
2320,success,Light Conditions
2307,success,Objects Layout
2310,fail,Objects Layout
2323,fail,Light Conditions
2315,fail,Light Conditions
2325,fail,Light Conditions
2326,fail,Light Conditions
2314,fail,Light Conditions
2321,success,Light Conditions
2318,fail,Light Conditions
2319,fail,Light Conditions
2331,fail,Light Conditions
2332,fail,Light Conditions
2322,fail,Light Conditions
2336,fail,Light Conditions
2324,fail,Light Conditions
2333,fail,Light Conditions
2328,success,Light Conditions
2341,fail,Light Conditions
2338,fail,Light Conditions
2342,fail,Light Conditions
2339,fail,Light Conditions
2340,fail,Light Conditions
2335,fail,Light Conditions
2337,fail,Light Conditions
2345,success,Light Conditions
2330,success,Light Conditions
2344,fail,Light Conditions
2348,fail,Light Conditions
2356,success,Light Conditions
2346,fail,Light Conditions
2360,success,Light Conditions
2343,fail,Light Conditions
2353,fail,Light Conditions
2538,success,Light Conditions
2351,success,Light Conditions
2573,success,Light Conditions
2518,success,Light Conditions
2354,fail,Light Conditions
2347,fail,Light Conditions
2509,success,Light Conditions
2582,success,Light Conditions
2350,fail,Light Conditions
2529,success,Light Conditions
2586,success,Light Conditions
2362,fail,Light Conditions
607,success,Robot Initial States
278,success,Background Textures
582,success,Robot Initial States
597,success,Robot Initial States
612,success,Robot Initial States
1688,success,Sensor Noise
206,fail,Background Textures
204,fail,Background Textures
1685,success,Sensor Noise
1076,success,Camera Viewpoints
1687,success,Sensor Noise
979,success,Camera Viewpoints
1016,success,Camera Viewpoints
1683,fail,Sensor Noise
1684,fail,Sensor Noise
1682,fail,Sensor Noise
608,success,Robot Initial States
1400,success,Language Instructions
1140,fail,Language Instructions
611,success,Robot Initial States
1392,success,Language Instructions
1394,success,Language Instructions
1698,success,Sensor Noise
1098,success,Language Instructions
1458,success,Language Instructions
1465,success,Language Instructions
1691,fail,Sensor Noise
1694,fail,Sensor Noise
1422,success,Language Instructions
1689,fail,Sensor Noise
1136,fail,Language Instructions
1697,fail,Sensor Noise
1712,success,Sensor Noise
1695,fail,Sensor Noise
1466,fail,Language Instructions
1403,fail,Language Instructions
1480,success,Language Instructions
1413,success,Language Instructions
1476,success,Language Instructions
1700,success,Sensor Noise
1484,success,Language Instructions
1718,success,Sensor Noise
1704,success,Sensor Noise
1702,success,Sensor Noise
1506,success,Language Instructions
1699,success,Sensor Noise
1701,fail,Sensor Noise
1707,success,Sensor Noise
1468,fail,Language Instructions
1726,success,Sensor Noise
1709,success,Sensor Noise
1711,success,Sensor Noise
1530,success,Sensor Noise
1539,fail,Sensor Noise
1706,success,Sensor Noise
1532,fail,Sensor Noise
1548,fail,Sensor Noise
1655,fail,Sensor Noise
1714,fail,Sensor Noise
1740,success,Sensor Noise
1708,fail,Sensor Noise
1643,success,Sensor Noise
1661,success,Sensor Noise
1645,success,Sensor Noise
1717,fail,Sensor Noise
1716,fail,Sensor Noise
1713,fail,Sensor Noise
1673,success,Sensor Noise
1677,fail,Sensor Noise
1649,fail,Sensor Noise
1715,fail,Sensor Noise
2329,fail,Light Conditions
1611,fail,Sensor Noise
1720,fail,Sensor Noise
1675,success,Sensor Noise
1667,success,Sensor Noise
1679,fail,Sensor Noise
1719,fail,Sensor Noise
1723,fail,Sensor Noise
1722,fail,Sensor Noise
1676,fail,Sensor Noise
1728,fail,Sensor Noise
1721,fail,Sensor Noise
1727,fail,Sensor Noise
1746,success,Sensor Noise
1681,fail,Sensor Noise
1735,fail,Sensor Noise
1734,success,Sensor Noise
1741,success,Sensor Noise
2585,success,Light Conditions
1729,fail,Sensor Noise
2327,success,Light Conditions
1994,fail,Objects Layout
2580,success,Light Conditions
1785,success,Sensor Noise
1705,success,Sensor Noise
1516,fail,Sensor Noise
1471,fail,Language Instructions
1546,fail,Sensor Noise
